asset,diff_native_20250325,diff_native_20250326,diff_native_20250327,diff_native_20250328,diff_native_20250329,diff_native_20250330,diff_native_20250331,diff_native_20250401
1INCH,-6841.480407133873,-6714.552975133818,-6841.4512023438,-6841.4512023438,-6841.4512023438,-6841.4512023438,-7012.509968343831,-7012.509968343831
AAVE,-12.175025488325446,-12.29146564018447,-12.22442881186089,-12.288926949448978,-12.289033903713973,-12.289301451821302,-12.140490305009736,-12.343280060096731
ACA,31511.68370275991,31511.68370275991,31511.68370275991,31511.68370275991,31511.68370275991,31511.68370275991,31511.68370275991,31511.68370275991
ACH,-35079.47244870104,-34813.39090470038,-34813.39090470038,-34813.39090470038,-34814.82459970005,-34816.58172770031,-34816.81122470088,-34816.81122470088
ACM,-607.82796527,-607.82796527,-607.83963827,-607.9649582700004,-607.9649582700004,-607.9649582700004,-607.9649582700004,-607.9649582700004
ACT,714.2378754999954,714.2378754999954,714.2378754999954,714.2378754999954,714.2378754999954,714.2378754999954,658.132079499992,566.2262845000078
ACX,44.28019843169022,44.80237250226491,45.031327582197264,-3.036732420005137,-2.9287734356330475,-2.8047234397672582,42.659044378360704,42.68218890960998
ADA,127657.86339822412,123354.78226017952,123344.84652929008,123307.97777301072,123355.58666202426,123316.289829202,123293.39996808022,149323.39324054867
ADX,2448.832310810016,2316.4353108100186,2315.9855498099932,2315.9855498099932,2315.9855498099932,2315.9855498099932,2317.0225068100117,2317.0225068100117
AE,0.0,0.0,0.0,0.0,0.0,0.0,0.0,0.0
AERGO,-414.9748994699912,-414.3792748800479,-414.3792748800479,0.60829076,0.60829076,0.60829076,0.60829076,0.60829076
AERO,-1035.7561859059206,-1038.8144129920402,-1039.51439199,-2042.2612148415792,-1117.2612148400076,-1117.5323414025042,-1043.6653023062536,-1043.7489914009784
AEVO,-328.61558993998915,-229.52787993999664,-371.9036209399928,-440.08997393999016,-421.2770379399881,-229.55217693999293,-89.95018693999737,58.128631060011685
AGIX,57.45688701,57.45688701,57.45688701,,,,57.45688701,57.45688701
AGLD,4229.897970397798,4218.897970397798,4218.897970397798,4218.897970397798,4207.897970397798,4207.897970397798,4207.897970397798,4207.897970397798
AI,7272.571700280008,7272.641500280006,7272.641500280006,7272.641500280006,7272.641500280006,7272.641500280006,7272.641500280006,7272.641500280006
AI16Z,-187.98653699998977,-197.89976000000024,-209.3216460000258,-312.78251299995463,-211.58313099999216,-424.50982400000794,-222.5545029999921,-222.8504889999749
AIXBT,-105.47994098759956,-3.8435215475328737,-3.98040930001298,-205.20452119258695,-3.8586674115795176,-3.92163127718959,281.7556783098262,278.74915182279074
AKRO,0.35456498,0.35456498,0.35456498,0.35456498,0.35456498,0.35456498,0.35456498,0.35456498
ALCX,-186.70111027000007,-186.70111027000007,-186.70111027000007,-186.70111027000007,-186.70111027000007,-186.70111027000007,-186.70111027000007,-186.70111027000007
ALGO,50099.39517236501,50236.87968450971,50134.928355516866,50148.886802803725,50094.3018381102,50088.476707148366,50180.79468152858,50272.726432992145
ALICE,1399.9025716100005,1399.9025716100005,1399.9025716100005,1399.9025716100005,1399.9025716100005,1399.9025716100005,1399.9025716100005,1399.9025716100005
ALPACA,11345.48536240001,11616.099182400008,11168.503887400002,11345.35237940002,11345.317410399992,11345.14058040001,11890.763626400005,11890.763626400003
ALPHA,1271.9363626699778,1271.9363626699778,1271.9363626699778,2488.4366956700687,2488.4366956700687,2488.4366956700687,2488.4366956700105,2488.4366956700105
ALPINE,-31.701467719999528,-31.701467719999528,-31.701467719999528,-31.701467719999528,-31.701467719999528,-31.701467719999528,-31.701467719999528,-31.701467719999528
ALT,-760.0023902391549,-760.0023902391549,1882.997609760845,-761.084852239117,-761.084852239117,-1730.9389852391323,-761.9389852391323,-761.9389852391323
AMB,1111393.3306837098,1111393.3306837098,1111393.3306837098,1111393.3306837098,1111393.3306837098,1111393.3306837098,1111393.3306837098,1111393.3306837098
AMP,43850.43563241325,46461.68921841495,46460.76300941408,46460.76300941408,46460.76300941408,41460.76300941408,41460.76300941408,41460.76300941408
ANC,0.00951046,0.00951046,0.00951046,0.00951046,0.00951046,0.00951046,0.00951046,0.00951046
ANIME,-542.1503739999898,0.1028139999980339,0.1028090000036172,1002.4368289999984,0.0997900000074878,0.0997900000074878,2118.0466000000015,2118.0466000000015
ANKR,55566.832839377224,55566.59709247388,55566.6965756733,55566.85022104904,55566.87976206839,55566.78601206653,55566.839723002166,55566.79411753453
ANT,-232.45460699,-232.45460699,-232.45460699,-232.45460699,-232.45460699,-232.45460699,-232.45460699,-232.45460699
AOA,0.0,0.0,0.0,0.0,0.0,0.0,0.0,0.0
APE,-4167.693424155004,-4194.6645096053835,-4153.262310295133,-4153.288363341126,-4153.328219330404,-4153.34876819409,-4153.336315452703,-4126.193149165483
API3,-58.694316930064815,-46.69806531300128,-46.682366479566554,-46.65428457924281,-26.76415127624932,-46.697281336731976,-56.48747826684848,-46.71024400286842
APT,-145.49163601000328,-145.4809529300037,-145.49833493000187,-145.50503192999895,-145.50503192999895,-145.52031192999857,-143.46127193000575,-141.4288179300056
AR,-147.06485927999893,-142.82918828000038,-145.7691882800027,-143.76069878999988,-147.3009597900018,-151.3009597900018,-148.18076979000034,-148.18076979000034
ARB,17872.754969046335,17878.35712807381,17878.274002449587,17878.33298345271,17844.509482599096,17786.869993643602,17878.10902666615,17847.581323726103
ARDR,0.27536435,0.27536435,0.27536435,0.27536435,0.27536435,0.27536435,0.27536435,0.27536435
ARK,2666.023918799998,2665.423313799998,2665.423313799998,2704.0410138000007,2704.0410138000007,2704.0410138000007,2709.4735157999967,2709.4735157999967
ARKM,52.02074449139763,52.00263078151329,52.00263077999989,51.97390458370501,93.27193604799686,42.45185104999109,93.20510320624452,93.20510320999165
ASR,0.1117869,0.1117869,0.1117869,0.1117869,0.1117869,0.1117869,0.1117869,0.1117869
AST,-47905.10900840995,-47905.10900840995,-48234.47210840997,0.4569423099999999,0.4569423099999999,0.4569423099999999,0.4569423099999999,0.45694230999999996
ASTR,44.84254787513055,692.2852528751828,692.2852528751828,692.2852528751828,692.2852528751828,692.2852528751828,692.2852528751828,692.2852528751828
ATH,-3783.36112521356,-3808.957924162969,-3808.957567715552,-3809.9098983444273,-3809.9098983397703,-4152.145241339691,-4665.634268699214,-4719.274940954521
ATM,0.7516922,0.7516922,0.7516922,0.7516922,0.7516922,0.7516922,0.7516922,0.7516922
ATOM,34212.08201171897,34241.31759202118,34241.0,34363.26999946681,34679.54147693601,34865.137207958134,35233.43711648733,35244.34502879284
AUCTION,-2.903434439999728,-4.856733439999971,-4.877121494336734,-5.669572155282822,-5.016212353596529,-5.01419004785339,-4.988727894208296,-4.974866893322769
AUDIO,180514.7190120914,180679.92990996363,185587.09345809743,185776.732716972,185462.5967746675,185462.4554801928,185112.76449895464,186550.8426058744
AUTO,0.0,0.0,0.0,0.0,0.0,0.0,0.0,0.0
AVA,110.69586397902458,110.79670321027515,110.79670321001322,110.79670321001322,110.86695772659732,110.85196749563328,110.77891146973708,110.8190664993017
AVAX,2388.370318817935,2388.2619920357247,2374.1563625372655,2373.52469055634,2374.6220305445313,2374.01487824833,2373.979631441849,2385.0123015978606
AXL,59.782905550004216,59.782905550004216,59.75484338885872,59.70677811317728,59.665157631301554,-70.53671757923439,82.2465935528162,39.804107555624796
AXS,-216.38325639085815,-216.37944215603784,-216.3794421555358,-216.37157274637136,-216.3715727455492,-209.2586927455486,-216.39102353497583,-216.38746335919132
BADGER,-17.919102474515967,-11.69422040481004,-11.695432863802123,-11.724304777715588,-11.7126142568668,-11.72543531429983,-11.72527783928672,-11.739787426740804
BAKE,137.5311952381162,137.5311952381162,137.46448123804294,137.46448123804294,137.46448123804294,137.5213822381338,137.5213822381338,137.5213822381338
BAL,0.6696497106950119,0.6696497106950119,0.6729797106945625,0.6729797106945625,0.6729797106945625,0.6729797106945625,0.6729797106945625,0.6675950366225152
BAN,-18209.658631708473,-18222.650985023934,-18248.84916041791,-18298.35392115917,-18317.408406705596,-18322.780865496956,-18327.297954070385,-18401.49327008892
BANANA,2.114214458315473,2.12108301979697,-2.367958592123614,2.110949651210831,2.109023035514838,2.11151534304463,2.110647273429094,2.11071653039744
BAND,-465.9006358600018,-465.9006358600018,-408.1023618600011,-465.9995518600044,-465.9995518600044,-465.9995518600044,-465.9995518600044,-465.99955186000443
BAR,-369.0103407499992,-369.0103407499992,-369.0103407499992,-369.0103407499992,-369.0103407499992,-369.0103407499992,-369.0103407499992,-369.01034074999916
BAT,10687.484495270764,10760.614495271118,10760.614495271118,10760.614495271351,10759.286522859242,10759.286522861104,10759.286522861104,10606.992912861053
BCC,0.0,0.0,0.0,0.0,0.0,0.0,0.0,0.0
BCD,0.0,0.0,0.0,0.0,0.0,0.0,0.0,0.0
BCH,82.04068843096502,82.04960576780195,81.89056316755887,82.012910637206,82.0135350814553,82.01173470500726,82.00753072676343,81.93963423916557
BCHSV,0.0,0.0,0.0,0.0,0.0,0.0,0.0,0.0
BEAMX,-33895.76994793117,-56189.263352930546,-56194.39202092588,-57456.11783218384,-56196.1003921777,-62167.05296817422,-56196.7451941818,-56195.22680218518
BEL,-19.60315781999816,-19.677408819996344,-19.677408819996344,-19.677408819996344,-69.67740881999634,-69.67740881999634,-19.88347881999653,-19.80329881999205
BERA,-0.0774360997447729,-0.0762103085407943,-0.0742438144761763,-0.0811407716573739,-0.078126378683919,-0.0762593162689881,-2.080708350151326,-0.08155524049107044
BETA,-463.48242612998,-463.48242612998,-463.48242612998,-463.48242612998,-463.48242612998,-463.48242612998,-464.2107461299747,-464.229402130004
BICO,-86.92411981998885,7.556370180012891,7.548400180006865,7.552150180010358,7.552150180010358,7.552150180010358,7.552150180010358,7.552150180010358
BIDR,0.0,0.0,0.0,0.0,0.0,0.0,0.0,0.0
BIFI,-0.2411554500000008,-0.2411554500000008,-0.2411554500000008,-0.0106454500000019,-0.0106454500000019,-0.0106454500000019,-0.0106454500000019,-0.07211245000000233
BIO,-248.18238054122776,-441.4682558341883,-441.31530172843486,-441.2806581760524,-441.400128394831,58.466112992726266,-583.4347563914489,-441.778439286747
BLOK,-21239.573902,-21239.573902,-21239.573902,-21239.573902,-21239.573902,-21239.573902,-21239.573902,-21239.573902
BLUR,-155.63440817000082,-155.63440817000082,-155.63440817000082,-155.63440817000082,-155.63440817000082,-155.63440817000082,-155.63440817000082,-155.63440817000082
BLZ,-12.50811419,-12.50811419,-12.50811419,-12.50811419,-12.50811419,-12.50811419,-12.50811419,-12.50811419
BNB,220.8317913579303,224.7993342060072,219.6811245218269,216.86948028013285,215.45872822498495,214.3400353266261,224.91920483051217,223.86364168330329
BNC,0.0,0.0,0.0,0.0,0.0,0.0,0.0,0.0
BNT,-2155.089809396173,-2155.0056480192143,-2155.166814764205,-2155.1435969927115,-2155.133013494429,-2155.133013496161,-2155.133013496161,-2155.198083076233
BOBA,0.00747424,0.00747424,0.00747424,0.00747424,0.00747424,0.00747424,0.00747424,0.00747424
BOME,-2653.7380616627634,-9360.106525663286,-9358.942463163286,-2654.9424631632864,-2654.9424631632864,-2654.6299631632864,-2654.6299631632864,-2654.6299631632864
BOND,0.0034,0.0034,0.0034,0.0034,0.0034,0.0034,0.0,0.0
BONK,147088674.67332458,148781621.55567932,148781622.35035706,148781623.03834534,148781626.06349182,148781623.7579193,148781618.82572937,221233440.47479248
BRETT,140815.36132689938,140264.61952362303,141226.02335496433,140799.69173721876,139936.54756721202,139539.1344005568,140627.43820365146,139963.9793306403
BSW,-518.714538709959,-518.714538709959,-227.49453870998695,-227.49453870998695,181.2780952900648,181.22325828997415,181.22325828997415,181.22325828997418
BTC,30.61779570238241,31.172809992618568,31.953609065544697,31.947736880917542,30.563041018479453,30.55633416157434,30.5463214523802,31.874882389093273
BTCST,-2.001180000000204,-2.001180000000204,-2.001180000000204,-2.001180000000204,-2.001180000000204,-2.001180000000204,-2.001180000000204,-2.001180000000204
BTG,0.0,0.0,0.0,0.0,0.0,0.0,0.0,0.0
BTS,-188742.6073864,-188742.6073864,-188742.6073864,-188742.6073864,-188742.6073864,-188742.6073864,-188742.6073864,-188742.6073864
BTTC,-7831649666.315063,-7832118281.4904785,-7832118279.551025,-7847420246.651001,-7793708538.328491,-7833436895.588745,-7833508357.499634,-7678534196.834473
BURGER,147.96896683999512,148.10795966000296,31614.940339660003,4.35137619,4.35137619,4.35137619,4.35137619,4.35137619
BUSD,120.18535368440098,120.18535368440098,120.18535368440098,120.18535368440098,120.18535368440098,120.18535368440098,120.18535368440098,120.18535368440098
C98,568.1856679900084,568.1856679900084,568.1856679900084,568.1856679900084,568.1856679900084,568.1856679900084,568.1856679900084,568.1856679900084
CAKE,-22.38623803757946,-22.375239838380367,-22.51156873223954,-22.505983565264614,-22.499076743406476,-34.94171278338763,-22.47319431757205,-11.734889321611263
CARV,-2901.356856322949,-2839.361034289439,-2839.52838607601,-2912.292888864162,-2930.5558802839514,-2930.694217076685,-2890.522958371803,-2932.891808445769
CATI,-3109.5308735,-3109.530873500007,-3109.5308735,-3109.5308735,-3109.5308735,-3259.5308735,-3259.530873500007,-3411.533357499997
CBK,0.0,0.0,0.0,0.0,0.0,0.0,0.0,0.0
CELO,4325.645206296147,4410.373298296152,4410.373298296152,4410.373298296152,4410.373298296152,4410.373298296152,4325.673301296134,4325.673301296134
CELR,735.5104090496898,2653.11040905118,735.5699139498174,735.5699139498174,735.6568361483514,735.6568361483514,735.6568361483514,735.6568361483514
CETUS,-418.0859200900013,-418.0943230899866,-418.30175209004665,-418.3061000899761,-418.264702090004,-418.2400210900232,-418.28005808999296,-418.24500309000723
CFG,3742.924255857157,3650.924255857157,3650.924255857157,3650.924255857157,3650.924255857157,3832.751114933548,3832.3978951845497,3832.3978951845493
CFX,-174.0088376100175,-174.0088376100175,-174.0088376100175,7.882753390003927,7.882753390003927,7.882753390003927,494.4998253899976,494.49982538999757
CGPT,-3.620768361259252,-3.773236746666953,-3.703009699122049,-3.70300970133394,-3.7938788405735977,-3.757923636876512,-3.754505671269726,-503.79038413474336
CHESS,-386.3591037899969,-386.3591037899969,-386.3591037899969,-386.3591037899969,-386.3591037899969,-386.3591037899969,-386.3591037899969,-386.3591037899969
CHILLGUY,-37889.07303428836,-39283.45466088504,-38611.74881146103,-38778.08198156208,-39015.62751884945,-39135.231159906834,-39162.09446330741,-39173.84599589184
CHR,572.7795265900204,572.7795265901368,791.771325590089,791.771325590089,919.771325590089,919.771325590089,919.771325590089,919.771325590089
CHZ,29107.54960659705,27856.542119018737,28994.37386234663,28397.16683109663,28396.648126401007,28395.357179397717,28394.01105654612,28393.418531809002
CITY,-43.261516150000034,-43.261516150000034,-55.48972815000002,-55.48972815000002,-55.48972815000002,-55.48972815000002,-55.48972815000002,-55.48972815000002
CKB,25385.742769546807,25385.742769546807,25385.742769546807,22203.07187253982,25386.362682543695,23140.36133054644,25386.760522544384,26362.799998544157
CLV,85.67740243,85.67740243,85.67740243,85.67740243,85.67740243,85.67740243,85.67740243,85.67740243
COCOS,0.0,0.0,0.0,0.0,0.0,0.0,0.0,0.0
COMBO,392.3323540400015,644.5020646199991,644.5020646199991,1.02153185,1.02153185,1.02153185,1.02153185,1.02153185
COMP,-95.66427447000024,-95.6642744784549,-95.66473034240744,-95.6642769899895,-95.66526106468518,-95.66397287882182,-95.66389379024348,-95.57937135764405
COOKIE,-90.75430735669217,-90.69467601232463,-90.61567210810608,-90.73601512759342,-237.41791188390928,-6.7872259806026705,341.32287548092427,341.32287548531895
COS,5918.223393701017,5918.223393701017,5918.223393699154,5918.223393699154,5918.223393699154,5918.223393699154,5918.223393699154,5918.223393699154
COTI,-21605.94347909745,-21606.819481098093,-21606.24058209732,-21944.325993097387,-21606.73149009794,-21607.883408578113,-21609.18053457793,-21608.033630577847
COW,-5.917551020000246,-5.917551020000246,-5.917551020000246,-5.917551020000246,-5.917551020000246,-5.917551020000246,-5.917551020000246,-5.917551020000246
CREAM,-26.639894980000008,-30.133764979999796,-30.133764979999796,-30.133764979999796,-30.133764979999796,-30.133764979999796,-25.79176798000026,-25.791767979999804
CRO,-530.4723255522549,-369.2137914621271,-642.46338314889,-688.5976041485555,-380.14369854098186,-380.14369854098186,-6.3107442213222384,-383.31074422132224
CRV,91750.71297755884,91753.70956207057,91731.91289094323,91760.88586739532,91737.691458198,91766.61618398096,91718.00302812144,91777.49127819855
CSPR,-2714.742884903215,-2721.651234956458,-2724.482650008984,-2724.482650008984,-2726.7792751267552,-7072.779275126755,-2729.714401995763,-4371.865883995779
CTK,469.20112430000154,469.1736163000023,469.1736163000023,469.20112430000154,469.20112430000154,469.20112430000154,469.20112430000154,469.20112430000154
CTSI,2195.76287564612,2195.762875644723,2195.6007662698394,2195.3877535694046,2195.3877535694046,2195.817685205373,2195.817685204791,2195.817685204791
CTXC,-9741.911572390003,-9741.911572390003,-9741.911572390003,-9602.57870239002,-9602.57870239002,-9742.441662390018,-9865.116527389968,-9865.116527389968
CVC,698.1546341299982,697.7608031300042,697.7608031300042,697.7608031300042,697.7608031300042,697.7608031300042,697.7608031300042,697.7608031300042
CVP,0.00217752,0.00217752,0.00217752,0.00217752,0.00217752,0.00217752,0.00217752,0.00217752
CVX,-8.74335117999999,-8.74335117999999,-8.74335117999999,-8.74335117999999,-8.74335117999999,-8.74335117999999,-8.74335117999999,-8.74335117999999
CWEB,5192.4744,5192.4744,5192.4744,5192.4744,5192.4744,5192.4744,5192.4744,5192.4744
CYBER,-21.29964260981069,-21.29964261000714,-21.30144757216476,-21.310373351254384,-21.323171813164663,-21.31901317962911,-21.31010586647608,-21.310105870004918
D,-138.41264374996535,-138.41264374996535,-138.41264374996535,-138.41264374996535,-339.5017927499721,-339.5017927499721,-550.284033749951,-138.16587374999654
DAI,17851.258089630002,17851.258089630002,17851.258089630002,17851.258089630002,17851.258089630002,17851.258089630002,17851.258089630002,17851.258089630002
DAR,38.0,38.0,38.0,38.0,38.0,38.0,38.0,38.0
DASH,-46.12797211999987,-46.1289343335161,-46.128434654249304,-46.128434650000145,-46.128434650000145,-46.127929599341314,-46.12792960000024,-46.12792960000024
DATA,12640.26185345999,12640.26185345999,12640.261853459757,12640.261853459757,12640.261853459757,12640.261853459757,12640.26185345999,12640.26185345999
DCR,0.00021563,0.00021563,0.00021563,0.00021563,0.00021563,0.00021563,0.00021563,0.00021563
DEGEN,-299916.8867468387,-299926.575393714,-302877.4756908454,-302006.7818859704,-302216.31848597154,-302216.26770472154,-294491.5827252194,-287657.7094502188
DEGO,-164.53644524999982,-164.53644524999982,-164.53644524999982,-164.53644524999982,-164.53644524999982,-164.53644524999982,-164.53644524999982,-164.53644524999982
DENT,1564266.088838935,1580367.088838935,1567351.4230428934,1564266.228187919,1564266.2340528965,1564266.2340528965,1564266.2340528965,1675395.67651093
DEXE,0.6583306799998354,0.6556446799995683,0.6556446799995683,0.6556446799995683,-0.0387323200002356,-0.0387323200002356,-0.0387323200002356,0.6265356799999608
DF,59021.86790060002,58962.541570600006,59103.68418660003,58768.2529586,59102.950781600026,59104.2529586,59104.2529586,59102.01475259999
DGB,2485.838375221938,469.5448252223432,469.51496528834105,469.5763612911105,-3853.2471817061305,469.56327928975224,469.40636929124594,469.58523328974843
DIA,364.66415207181126,364.66415207181126,364.66415207181126,364.66415207181126,364.66415207181126,364.66415207181126,364.66415207181126,364.66415207181126
DNT,26036.38267332,26036.38267332,26036.38267332,26036.38267332,26036.38267332,26036.38267332,26036.38267332,26036.38267332
DOCK,0.0,0.0,0.0,0.0,0.0,0.0,0.0,0.0
DODO,-195.74235237998073,-331.4126073799853,-331.4126073799853,-331.4126073799853,-331.4126073799853,-331.4126073799853,-331.4126073799853,-331.4126073799853
DOGE,980880.9369198532,977875.030352652,975008.448947996,974909.6734808236,974969.466693282,974995.1804270596,974401.0,975161.7492847443
DOGS,-3663482.502039,-3663482.198093995,-3464840.8980939984,-3464840.8980939984,-3365618.8330300003,-3505098.1330299973,-3581438.1024020016,-3663481.676737994
DON,175.98001623000005,175.98001623000005,175.98001623000005,175.98001623000005,175.98001623000005,175.98001623000005,175.98001623000005,175.98001623000005
DOT,49187.95254800469,49144.0547072239,49104.26476261299,49071.083737341105,49034.36999283836,48826.19478877552,48757.754207736,58627.53143357707
DREP,2.05086157,2.05086157,2.05086157,2.05086157,2.05086157,2.05086157,2.05086157,2.05086157
DRGN,0.0,0.0,0.0,0.0,0.0,0.0,0.0,0.0
DRIFT,118.95650510349516,79.68712643964682,79.68712643716572,74.77670065094208,71.82753213433898,71.82753212964963,71.82753213000251,71.82753213000251
DUSK,-10268.481282680295,-9533.245464906096,-9533.83970319014,-9534.68638287764,-10130.022971880622,-9993.745752470568,-9993.81228079088,-9993.812280789949
DYDX,-571.4961428885581,-606.974685739784,-569.5440547399921,-569.5322407751519,-569.5228686681367,-569.524708670011,-569.5393906699901,-590.6732349000231
DYM,-1966.5499857000032,-1936.6124677000043,-1936.526340700002,-2049.4780798499996,-1946.261792850004,-1946.3575218499973,-1991.7677581700043,-1991.7677581700045
EDG,26705.883684350178,26705.883684350178,26705.883684350178,26705.883684350178,26705.883684350178,26705.883684350178,26705.883684350178,26705.883684350178
EDU,-4.006512070001918,-4.700516070002777,67.36808392999956,67.36808392999956,67.36808392999956,67.36808392999956,67.36808392999956,67.36808392999956
EFI,20.83986665000066,20.83986665000066,20.83986665000066,20.83986665000066,20.83986665000066,20.83986665000066,20.83986665000066,20.83986665000066
EGLD,771.9892383799997,770.3604203799987,769.2030398700008,770.1989178699987,770.1932708700006,773.1027018700006,769.2046713000018,769.2046713000018
EIGEN,-46.14125107580185,-39.55715385469375,-39.56387076895044,-39.58678199437418,-39.59760383274988,-39.62051933170005,-39.620345684714266,-39.62905189226149
ELF,143.37458947999403,143.37458947999403,143.37458947999403,143.37458947999403,143.37458947999403,143.37458947999403,143.37458947999403,143.37458947999403
ENA,-7657.086727529182,-7657.073001786892,-7718.084295119392,-7657.117308789515,-7657.117626269464,-7657.130547311506,-7657.161894809979,-7657.1702508100425
ENJ,-150.79390624305233,-123.78442137641832,-149.04760691989213,-149.105810044799,-149.17277038795874,132.62722960999236,-149.20563238998875,-149.2479962296784
ENS,-10.372215444539506,-8.336425004787998,-8.916413002893933,-8.32839230468744,-8.326250566830822,-8.332073972404032,-8.323690600553164,-8.323690599999281
EOS,1188.794408064976,1188.8892368563102,1137.9854838551837,1138.0143779029604,1236.1175406447146,1207.5349432465157,1207.6768509521498,1192.2570002587745
EPIC,-3163.0516886799996,-3163.0516886799996,-3142.4578066799986,-3142.4578066799986,-3142.4578066799986,-3142.4578066799986,-3162.984506680001,-3162.984506680001
EPX,0.51481004,0.51481004,0.51481004,0.51481004,0.51481004,0.51481004,0.51481004,0.51481004
ETC,321.1242349232125,321.1248029896742,320.9118184737672,321.1227969088941,321.1222888647171,321.1090922974836,321.10658141601016,335.7616662416913
ETH,547.2702251398987,548.6363207306167,549.6098260206527,550.2039400060858,550.0490455018007,552.2550139652376,555.171769214423,557.1168886727064
ETHFI,-37.26939571999537,-37.26939572000265,-37.18859280252218,11.945243197478703,11.944999059371185,11.944999059996915,11.944999060004193,11.970742163030081
ETHW,2865.223607294567,2865.192842032251,2865.126262344216,2864.601475170595,2864.388436942143,2864.3198947222263,2863.735821139766,2863.736077188689
EUR,-21376113.0581,-21202279.0,-21166901.8781,-21237874.8881,-21350565.2681,-21106828.6081,-20843313.0881,-20784859.4681
EWT,0.0950002048,0.0950002048,0.0950002048,0.0950002048,0.0950002048,0.0950002048,0.0950002048,0.0950002048
EZ,0.0,0.0,0.0,0.0,0.0,0.0,0.0,0.0
FARM,-14.212362190000022,-14.212362190000022,-14.212362190000022,-14.212894190000045,-14.212272190000022,-14.213728190000095,-14.213471190000064,-14.213471190000064
FDUSD,176599.44429612,176599.44429612,176599.44429612,176599.44429612,176599.44429612,176599.44429612,176599.44429612,176599.44429612
FET,-5874.971093583852,-5877.123170486651,-6952.344648882747,-6922.616650185548,-6952.862098665908,-6953.299462351948,-6975.242730081081,-6869.261959844269
FIDA,-585.5863267200184,-585.5134787200368,-585.5134787200368,-388.7700607200386,-585.561629719974,-696.2164577199728,-696.2164577199728,-696.2164577199728
FIL,232.00057047017617,344.866766850173,344.87027585017495,344.8625638501835,344.85517685019295,344.8394968501816,355.3520138502063,344.85722885018913
FIO,1024.6190407400718,1024.6190407400718,1024.6190407400718,1024.6190407400718,1024.6190407400718,1024.6190407400718,1024.6190407400718,1024.6190407400718
FIS,-31.57445000000007,-31.57445000000007,-31.57445000000007,-31.57445000000007,-31.57445000000007,-31.57445000000007,-31.57445000000007,-31.57445000000007
FITFI,-30531.1063895002,-30531.1063895002,-11702.051912501454,-30720.764648498967,-30720.764648498967,-15714.764648498967,-15714.764648498967,-15714.764648498967
FLM,5454.5478089444805,5454.5478089444805,5454.5478089444805,5454.5478089444805,5454.5478089444805,5454.5478089444805,5454.5478089444805,5454.5478089444805
FLOKI,-2920926.2762641907,-2920929.776266098,-3069983.0666999817,-2876627.370979309,-2711745.621652603,-3241771.1033592224,-2861007.012866974,1193553.0012664795
FLOW,2793.740070624219,2791.25116723316,2791.2511672309192,2739.395299234602,2739.401478431537,2852.671035432286,2852.661211823899,2905.3326076380617
FLR,363298.8336090669,362478.50587206706,362478.50587206706,362471.7873980664,362470.28732614033,362463.4544491414,362909.8058573473,362909.8058573473
FLUX,-1452.8209868710835,-1452.8120391189004,-1557.9789991160503,-1557.9733643544023,-1557.9733643500367,-1557.9699854438077,-1666.1999854400055,-1666.1978492095368
FOR,0.88607095,0.88607095,0.88607095,0.88607095,0.88607095,0.88607095,0.88607095,0.88607095
FORM,-96.78303064999636,-81.98895664999873,-82.32041064999794,-82.37196365000273,-82.33215064999968,-82.53142864999973,-69.27987565000512,-82.52491965000081
FORTH,26.098098519999898,26.098098519999898,26.098098519999898,26.092908520000037,26.098098519999898,26.098098519999898,26.098098519999898,26.098098519999894
FRONT,2.88182869553566e-15,2.88182869553566e-15,2.88182869553566e-15,2.88182869553566e-15,2.88182869553566e-15,2.88182869553566e-15,2.88182869553566e-15,2.8818286955356598e-15
FTM,76968.04165061984,76968.04165061984,76968.04165061984,76968.04165061984,76968.04165061984,76968.04165061984,76968.04165061984,76968.04165061984
FTT,-28.15742293000585,16.035877059995983,-13.614122940001836,-13.614122940001836,-13.613032939996629,1.7219390600002953,-13.60208394000074,-13.602083940000739
FUN,205690.62448984012,205690.62448984012,194765.99696983956,196530.99696983956,205687.6985048391,205683.37097934075,205682.77806684,206554.26639883965
FXS,-1052.6598030900004,-1052.6598030900004,-1058.5857290900003,-1058.5857290900003,-1058.5857290900003,-1058.5857290900003,-1058.5857290900003,-1058.5857290900003
G,19624.31172143994,17824.31172143994,17824.31172143994,19624.31172143994,19624.31172143994,19624.31172143994,19624.31172143994,19624.31172143994
GAL,9787.52136694,9787.52136694,9787.52136694,9787.52136694,9787.52136694,9787.52136694,9787.52136694,9787.52136694
GALA,28842.476436302062,28840.692235469814,26339.982678607103,29840.82905126363,28840.508486911654,27475.15647637844,26028.814068183303,28837.838068306446
GAS,-65.938196289997,-65.938196289997,-65.938196289997,-65.938196289997,-65.938196289997,-65.938196289997,-66.01519129000008,-66.01519129000008
GFT,1240787.66400219,1240787.66400219,1240787.66400219,1240787.66400219,1240787.66400219,1240787.66400219,1240787.66400219,1240787.6640021899
GHST,-17.137744630003,-57.20875063000858,-57.20875063000858,-57.22911763000593,-57.22911763000593,-57.22911763000593,-57.36301662999904,-57.30887162999716
GLM,109.99063334835228,109.99063334835228,109.99063334835228,109.99063334835228,109.99063334835228,110.0900333483005,110.0900333483005,110.09003334841691
GLMR,-9680.312449967025,-9680.533323987853,-9880.747278989293,-9555.747278984403,-9830.155131660167,-9830.076872387202,-9555.970721384743,-9324.446261384757
GMT,-191.1463388899574,-155.29783888999373,-155.29783888999373,-155.29783888996462,-155.29783888996462,-155.29783888996462,-155.29783888999373,-155.29783888999373
GMX,-0.4593225240084848,-0.4610347649036157,-0.4614547429100639,-0.4611532072544833,-0.4618881584337941,-0.4616928894615739,1.810721787612465,1.810721790000116
GNO,6.90620143680988,6.90620143680988,6.9061358430903965,6.90613584680986,6.9067030441326835,6.906703046809838,6.9073953170887705,6.906585810672453
GNS,31.832330786883176,31.832330786883176,31.825163786882968,31.82402178688335,31.82402178688335,31.81836978688352,31.81836978688352,31.818369786883522
GO,0.0,0.0,0.0,0.0,0.0,0.0,0.0,0.0
GOAT,3416.9432120198617,3406.200012019952,3404.734591019922,3399.737092387164,3387.6387558601564,3374.256907813251,3361.25246848166,3358.0618696536403
GRASS,-2265.1308842413127,-2268.454750788631,-2289.9249031973304,-2644.1281021633768,-2284.41612087097,-2297.935640182288,-2301.604179307178,-2297.1517337700934
GRT,126270.88089811336,126265.57125640102,127462.689288849,127458.81301794852,127455.85877930744,127456.465922229,132528.19004164822,132527.4128228482
GST,-399843.0266884202,-400609.56216942007,-399147.56216942007,-400609.56216942007,-400615.46492442023,-400615.46492442023,-399133.46492442023,-400615.4568654201
GTC,-2.0071534899989274,-2.0071534899989274,-2.0071534899989274,9.8928465099998,9.8928465099998,9.8928465099998,9.8928465099998,9.8928465099998
GTO,0.0,0.0,0.0,0.0,0.0,0.0,0.0,0.0
GUN,,,,,,,-72.17079541360727,-109.2445297066588
GYEN,-778.9999999999854,-778.9999999999854,-778.9999999999854,-778.9999999999854,-778.9999999999854,-778.9999999999854,-778.9999999999854,-778.9999999999854
HARD,480.7636168699828,480.7636168699828,480.7636168699828,480.7636168699828,481.18544986998313,481.18544986998313,481.18544986998313,481.18544986998313
HBAR,-4386.657075859606,-4358.262985132635,-4363.759480968118,-4305.808074235916,-4369.54398021847,-4438.219171665609,-4380.940697848797,-4393.099557898939
HEGIC,0.0,0.0,0.0,0.0,0.0,0.0,0.0,0.0
HEI,1931.9336024900113,1931.9336024900113,1931.9890324900043,1931.9890324900043,1931.957573489999,1931.957573489999,1931.957573489999,1932.0573734899954
HFT,-1381.479148359329,-1381.479148359329,-1381.5280131060572,-1381.6252054927754,-1381.541440841538,-1381.541440841538,-1381.5414408399663,-1381.5414408399665
HIFI,1080.8140212199942,1080.8140212199942,1080.8140212199942,1080.8140212199942,1000.0302142199652,1042.4878412199614,1208.140463219985,1000.0561462199839
HIGH,63.80934911000077,63.80934911000077,63.80934911000077,63.80934911000077,63.80934911000077,63.80934911000077,82.00575410999954,82.00575410999954
HIVE,-17600.26145584999,-17600.26145584999,-17600.26145584999,-17600.26214485,-17600.26214485,-17600.541076849986,-17600.541076849986,-17600.541076849986
HMSTR,13473.487448999658,24270.784699999727,24270.784699999727,26757.87124999985,13473.272005000152,867.0335480002686,19282.08354800008,27517.75203400012
HNT,-25.98182030525641,-29.511967725353315,-26.243227106431732,-26.273076019249856,-31.467420731059978,-26.361444789916277,-26.50908759501181,-24.33701288510929
HOOK,117.50357070999962,117.50357070999962,117.50357070999962,117.50357070999962,117.50357070999962,117.50357070999962,117.50357070999962,117.50357070999962
HOT,-548458.5481207371,-536891.5481207371,-541682.0125787258,-561336.4199927449,-561336.4199927449,-541682.4796187282,-497502.251996696,-541682.9002386928
ICP,726.4207490584813,729.2039540584956,729.2084628785087,727.1647258785088,729.2007548784895,729.1913158784737,729.1703397285019,731.2117447284982
ICX,1518.3081089849584,1518.152710878756,1518.073844583705,1518.0354900914244,1187.9192739250138,1518.1933908676729,1518.1933908700012,1518.1933908700012
ID,-19.68292888776341,-119.42717888651532,47.790938903490314,47.304122497240314,46.48698382162547,46.48698382348812,43.871051206297125,43.54976214381168
IDEX,-1747.0061529899249,-1747.0061529900413,-1720.3944529899163,-1720.3944529899163,-1720.4128699899884,-1720.4703459900338,-1720.4703459900338,-1720.4703459900338
IDRT,-81110.53000000119,-81110.53000000119,-81110.53000000119,-81110.53000000119,-81110.53000000119,-81110.53000000119,-81110.53000000119,-81110.53000000119
ILV,10.925602253823854,10.925602253823854,10.925602253823854,10.206422253823348,9.206422253823348,9.206422253823348,9.206422253823348,9.206422253823348
IMX,170.05182850407436,170.0302441402455,128.9570126028848,128.95270108053228,128.95931058103452,170.02999058394926,170.02587358397432,113.489284142619
INJ,25571.90350837412,25571.89990852744,25527.220902698813,25525.00798299312,25522.18831877559,25522.95349000013,25524.75658274608,25717.20403732889
IOST,24947.985332779583,26314.985332779583,26314.985332779583,26314.985332779583,26314.985332779583,16613.12263277918,16612.31880277954,16612.31880277954
IOTA,7182.983842360787,7182.983842360787,7182.76936536096,7180.819593360648,7179.203516360372,7179.203516360372,7178.510573360138,7177.1990203605965
IOTX,-44508.14815098047,-43493.14815098047,-44067.787919980474,-44067.787919980474,-44067.787919980474,-43493.918521980755,-43494.201807980426,-43496.434537980705
IQ,10316.252875749951,10317.144875749946,10317.144875749946,10317.144875749946,10316.410800750367,10316.831437749788,10316.285677749664,-23.180505249649286
IRIS,0.09870605,0.09870605,0.09870605,0.09870605,0.09870605,0.09870605,0.09870605,0.09870605
JASMY,603115.3965163231,604240.9305163324,603115.1018163264,605115.1987623274,603115.1766313314,603115.2196703255,605379.7626813203,603115.1431703195
JOE,-470.4943266323826,-470.4943266323826,-470.4943266323826,-470.4943266323826,-470.4943266323826,-470.4943266323826,-470.4943266323826,-470.4943266323826
JST,-6575.470640400075,-6575.470640400075,-6575.470640400075,-6575.470640400075,-6575.470640400075,-6575.470640400075,-6575.470640400075,-6575.470640400075
JTO,6.275708269246024,6.395251690410078,6.532843242734089,6.5328432400001475,6.5328432400001475,6.413400490975619,6.546402961923377,6.589719172859986
JUP,-3290.887409818446,-3237.1766132505436,-3237.1494292894786,-3237.033812179143,-3237.0815930801327,-3237.182452785258,-3237.6263662753336,-3253.6915274337225
JUV,-5.462802230000079,-5.470685230000072,-2743.46434023,-5.464340230000062,-5.464340230000062,-5.464340230000062,-5.464340230000062,-5.464340230000062
KAIA,-338.9671626400086,36.03283735999139,36.03283735999139,36.024099360001856,35.95862435999152,35.95862435999152,35.95862435999152,35.95862435999152
KAITO,180.77639466931575,181.23010239202995,988.1591769636434,180.5305792529543,179.096702212526,178.7962440024712,178.9735874631442,179.21151256075245
KAS,51983.624377282336,51965.35926828161,51953.89235028066,51947.64460028149,53574.81444128044,51483.72816528194,51893.759326281026,51881.88710027933
KAVA,6403.136524042435,6389.065803472477,6308.391100475885,6366.09150670658,6366.074935656972,6473.504200186377,6555.7397452647565,6436.3479059485835
KCS,-6.560716180000782,-7.15325318000032,-7.15325318000032,-7.15325318000032,-7.15325318000032,-7.15325318000032,-7.15325318000032,-7.15325318000032
KDA,-170.77364623954054,-169.12487717956537,-137.13288617954822,-137.13288617954822,-169.13288617954822,-169.13288617954822,-161.08900617953623,-169.14028517954284
KEYFI,289.60076975999993,289.60076975999993,289.60076975999993,289.60076975999993,289.60076975999993,289.60076975999993,289.60076975999993,289.60076975999993
KLAY,0.0,0.0,0.0,0.0,0.0,0.0,0.0,0.0
KMD,1857.897849119996,1857.897849119996,1857.897849119996,1857.897849119996,1857.897849119996,1857.897849119996,1857.897849119996,1857.897849119996
KP3R,1.0141457,1.0141457,1.0141457,1.0141457,1.0141457,1.0141457,1.0141457,1.0141457
KSM,58.66229287836904,61.24319185481818,60.65870048836587,60.46567911222701,59.9435391447696,72.72856038405826,71.87635279030383,71.217665023275
LAYER,-0.1869243499986623,7.321365650000189,7.34963764999975,7.332447650000176,7.331820649998917,-79.62356435000038,7.29871065000043,7.314170650002779
LAZIO,16.1175730799996,16.1175730799996,16.1175730799996,16.1175730799996,16.1175730799996,16.1175730799996,16.1175730799996,16.1175730799996
LDO,482.6232653726329,445.6143066373915,473.4016176361474,473.39156453704345,473.3915645376255,473.3920046011044,473.3848170976271,473.3687459119683
LEVER,1056138.978739813,1033574.3235678152,1056138.978739813,1044986.8534598202,1056138.1238618195,1115341.775937818,1056139.5484248176,1056138.3014138192
LINA,253425.7297705896,231564.49932659045,282860.02877159044,48950.07599217,48950.07599217,48950.07599217,48950.07599217,48950.07599217
LINK,1899.352902616025,1899.2094730531096,1855.196096841246,1855.17327283998,1854.290099559934,1853.377817225875,1853.1179841137491,2447.0221059878822
LIT,0.0,0.0,0.0,0.0,0.0,0.0,0.0,0.0
LMWR,1064.9771373100812,1043.0404543100158,1042.7156543100718,1041.3076403100276,1033.0580093100434,1580.7011683100136,1028.9479253099998,1021.420930310036
LOKA,-40.9481602900014,-40.9481602900014,-40.9481602900014,-40.9481602900014,-40.9481602900014,-40.9481602900014,-40.9481602900014,-40.9481602900014
LOOM,0.5814942700000001,0.5814942700000001,0.5814942700000001,0.5814942700000001,0.5814942700000001,0.5814942700000001,0.5814942700000001,0.5814942700000001
LPT,-12.462762857610867,-12.451872221921803,-12.456238825719993,-12.48333042482409,-15.482376750336698,-15.496119124438335,-15.5056964568721,-12.496691458150963
LQTY,605.2926263899999,605.2926263899999,605.2926263899999,605.2926263899999,605.2926263899999,605.2926263899999,605.2926263899999,605.2926263899999
LRC,-265.39358610101044,-266.7834573392756,-266.49894196307287,-266.35532164783217,-266.3553216487635,-266.7635247760918,-266.76352477865294,-371.6284943437204
LSK,5385.142751079984,5385.10880942957,5385.031886429933,5385.031886429933,5385.026497429935,5385.026497429935,5384.870162992447,5364.4398349924595
LTC,143.20694269943488,148.9743849638107,148.31505222567648,148.17401889205212,142.64090469715302,142.40974993555574,146.03458690901607,148.74977859845967
LTO,88296.29455638025,87492.87550337985,85131.16375382058,84877.25109481998,85259.78791882005,85259.12208181992,85066.49469282012,94150.04672965035
LUMIA,41.26195799000561,41.26195799000561,41.26195799000561,46.26195799000561,46.26195799000561,46.26195799000561,41.262471989990445,41.262471989990445
LUNA,5181.450987965101,5183.839182964992,5183.829791964963,5183.828983964864,5128.087945965119,5302.778116964968,5183.812805965077,5183.812805965077
LUNC,-33203904.655156136,-33072793.24292946,-33072793.24547577,-32381868.690421104,-33072793.45061493,-33253180.631584167,-33072793.46248722,-33072793.49742031
MAGIC,-1834.9928537647063,-1835.0397409670404,-1944.882124579366,-1835.1190355800209,-1835.166984798765,-1835.097807553917,-1835.097807550017,-1835.0484423156304
MANA,20606.0399853345,20605.446876258124,20604.856747423062,20605.788778168386,20686.061079135863,20651.586036140565,20605.575171181932,20606.38414716185
MANTA,376.51916419999907,305.97107220001635,344.8082812000066,268.3714992000023,268.3714992000023,219.25522020002245,219.25522020002245,219.25522020002245
MASA,-22726.41152720817,-22761.616555287383,-22973.06070479122,-23420.808167991927,-23485.24342742609,-23499.721598547418,-23526.15931772185,-23558.855797751807
MASK,-719.8846532936477,-719.8846532936514,-719.8846532936514,-719.8846532936514,-719.8846532936514,-719.8846532936514,-719.9086767311492,-725.737099631544
MAV,-195.067325120006,-195.067325120006,126.0624288800027,126.0624288800027,126.0624288800027,126.0624288800027,126.0624288800027,126.0624288800027
MBL,0.40120972,0.40120972,0.40120972,0.40120972,0.40120972,0.40120972,0.40120972,0.40120972
MBOX,243.2486083660915,243.2486083660915,243.2486083660915,243.2486083660915,243.2486083660915,243.2486083660915,243.2486083660915,243.2486083660915
MDT,-6667.653835729929,-6667.653835729929,-6667.653835729929,-6667.653835729929,-6667.653835729929,-6667.653835729929,-6667.653835729929,-6667.653835729929
MDX,0.0,0.0,0.0,0.0,0.0,0.0,0.0,0.0
ME,2.33528656999988,2.3356445699996584,2.3356445699996584,4.811117569999624,4.811117569999624,4.811117569999624,4.811117569999624,-9.188882430000376
MEME,5966.412284381688,5965.306815635413,5965.306815635413,5964.931815635413,5962.154471885413,5962.154471885413,5962.154471885413,7921.154471885413
MEW,-151291.4229474403,-152349.80283293873,-145297.16035493836,-145480.3534581922,-145651.4660808146,-146957.2136430666,-147097.47146256268,-147213.33787456155
MINA,10063.215152637102,10063.19012563699,10005.19012563699,10356.854654349036,10399.988589649089,10399.988589649089,10396.33460864902,10396.33460864902
MIR,0.0,0.0,0.0,0.0,0.0,0.0,0.0,0.0
MITH,0.0,0.0,0.0,0.0,0.0,0.0,0.0,0.0
MKR,0.0131213499281841,0.0131115127149143,-0.0070848835472361,0.0129058059210365,0.0131640745935897,0.0134423903559195,0.0134215946365543,107.66316157168217
MLN,-34.04280002704945,-34.04280002704945,-34.04280002704945,-34.04280002704945,-34.04241922870915,-37.60013515493756,-36.685408177983845,-37.92767258837557
MNT,1646.7808711774996,1660.822832179998,1646.7386694798042,1646.7449542698378,1646.5590961703929,1659.1401691658612,1646.5641132617966,1646.274657364338
MOG,3215042243.709198,3843744262.401275,3213498512.2733307,3246958993.788727,3187386136.7979584,3207231247.7674255,3340233114.4939117,3105458774.626404
MOODENG,-2677.3629920647945,-2687.248316567624,-2701.799430397805,-2706.702275970252,-2742.4925470363814,-2751.213265907252,-2775.428962015547,-3117.1747784418985
MORPHO,2257.2197045127978,2256.9105895769317,2255.807450524124,2254.638786095835,2253.6936864395393,2215.129046105023,2251.200879347918,2250.5702227717265
MOVE,40.91015920250357,-3.665598804065666,78.43960410322325,-3.624170570277784,-3.5318461857168586,-3.48177907277568,-66.90481488250225,-41.06996653875103
MOVR,-32.05152957001519,-32.051329570014786,-32.05202957001529,-32.05102957001327,-32.05102957001327,-32.051229570013675,-34.35982957001215,-32.050329570012764
MTH,5654.999999920023,5654.999999920023,5654.999999920023,5654.999999920023,5654.999999920023,5654.999999920023,5654.999999920023,5654.999999920023
MTL,42.7863966799996,42.7863966799996,42.7863966799996,42.7863966799996,42.7863966799996,42.7863966799996,42.7863966799996,42.7863966799996
MTLX,0.0,0.0,0.0,0.0,0.0,0.0,0.0,0.0
MTV,9.154e-05,9.154e-05,9.154e-05,9.154e-05,9.154e-05,9.154e-05,9.154e-05,9.154e-05
MULTI,-54.68049916,-54.68049916,-54.68049916,-54.68049916,-54.68049916,-54.68049916,-54.68049916,-54.68049916
MYRIA,-3253888.9547754824,-3219939.4462425113,-3203235.5953484923,-3203424.429501489,-3203604.1533504874,-3237384.641155496,-3212590.6405594796,-3184897.270393491
MYRO,-5373.682164389174,-4751.9430213267915,-4920.30642595375,-4937.660539177712,-4937.660539177712,-4954.001909194514,-5054.593128276989,-5060.341657748446
NAKA,-7031.221189453208,-6919.349371453223,-7031.349371453165,-7057.571071453218,-7031.689115453162,-7031.785441453161,-7031.785441453161,-7031.785441453161
NAV,0.0,0.0,0.0,0.0,0.0,0.0,0.0,0.0
NBS,0.0,0.0,0.0,0.0,0.0,0.0,0.0,0.0
NBT,0.0,0.0,0.0,0.0,0.0,0.0,0.0,0.0
NEAR,30088.457168874564,30140.999165668327,30124.18738802534,30177.153632708418,30230.73722918966,30270.351936156745,30360.750744542456,30410.944964372087
NEBL,54321.55148541,54321.55148541,54321.55148541,54321.55148541,54321.55148541,54321.55148541,54321.55148541,54321.55148541
NEIRO,1919745.6660033464,1859781.6876152752,1881747.0824873447,1919741.752646327,1919732.8258373735,1919729.7574433088,1954900.073974371,1893553.9782223701
NEO,1.6021177999937208,9.69948079999449,9.70178080000187,9.69488079999428,9.681780800005072,9.669280800007982,12.357780799997272,9.547480799999903
NEXO,167.66046526671744,167.66046526671744,167.66046526671744,167.66046526671744,167.66046526671744,167.66046526671744,167.66046526671744,167.66046526671744
NFT,24059474.862433,24059474.862433,24059474.862433,24059474.862433,24059474.862433,24059474.862433,24059474.862433,24059474.862432998
NKN,3665.468429170025,3571.926529169956,3571.926529170014,3571.926529170014,3571.926529170014,3571.926529170014,3571.597529169987,3571.597529170045
NMR,-2.2661545799999203,-2.2661545799999203,-2.2661545799999203,-2.2661545799999203,-2.2661545799999203,-2.2661545799999203,-2.270054580000078,-2.270054580000078
NPC,29765.815930999815,29764.5393620003,29763.99971899949,29763.845918001607,29763.526560999453,29763.11864100024,29762.81300800107,29762.636816000566
NSBT,0.0,0.0,0.0,0.0,0.0,0.0,0.0,0.0
NULS,299.0585686599952,299.0585686599952,299.0585686599952,299.0585686599952,299.5517686599924,299.5517686599924,299.5517686599924,299.5517686599924
NVT,316.40290000000095,316.40290000000095,316.40290000000095,316.40290000000095,316.40290000000095,316.40290000000095,316.40290000000095,316.40290000000095
NXRA,0.0,0.0,0.0,0.0,0.0,0.0,0.0,0.0
OAX,0.81899347,0.81899347,0.81899347,0.81899347,0.81899347,0.81899347,0.81899347,0.81899347
OCEAN,-72.281419,-72.281419,-72.281419,-72.281419,-72.281419,-72.281419,-72.281419,-72.281419
OG,3.1440328799999406,3.1440328799999406,3.1440328799999406,3.1440328799999406,-1.6055671200001598,-1.6055671200001598,-1.6055671200001598,1.3944328799998402
OGN,2817.5810447102413,2601.2745447102934,2601.662744710222,2602.4477788899094,2602.291528890142,2601.192896077642,2601.1928960802034,5292.162896080175
OGV,1422679.77107071,1422679.77107071,1422679.77107071,1422679.77107071,1422679.77107071,1422679.77107071,1422679.77107071,1422679.77107071
OM,-130.45453787772567,-394.0012035998516,-638.1818762254843,-887.5576312704361,-1123.785287861392,-1352.9560282084567,-1740.6209640154266,1072.4878957846086
OMG,19142.474468804197,19141.88396165718,19139.16522420221,19139.16662629973,19139.16662630008,19134.238260093374,19133.2229195236,19133.223296717275
ONDO,7752.1535376603715,7773.617242309265,7772.48527307855,7767.662275227718,7765.230555832386,7761.863448403077,7757.445565052331,7734.6158004924655
ONE,-182402.79866749048,-182402.71376749128,-182402.71376749128,-182402.75076749176,-182402.7001344785,-184878.37043448165,-182402.85953447968,-182402.8839344792
ONG,17.789834519993747,17.789834519993747,17.789834519993747,17.789834519993747,17.789834519993747,17.789834519993747,17.789834519993747,17.789834519993747
ONT,1977.697957806813,1976.674057806784,1976.2511578067788,1976.2511578067788,1976.449157806812,1976.449157806812,1976.449157806812,1976.4491578068119
OP,656.1340319603914,656.1201136331656,643.2094749935786,656.129451485991,656.12085148599,656.1251864786027,653.2320639368845,638.8094186694943
OPEN,-203029.858,-203029.858,-203029.858,-203029.858,-203029.858,-203029.858,-203029.858,-203029.858
ORDER,-49.26839792999817,-49.26839792999817,-49.26839792999817,-49.26839792999817,-49.26839792999817,-49.26839792999817,-74.98934277766966,-81.44617691249732
ORDI,169.48149890000013,169.48149890000013,169.48149890000013,169.48149890000013,169.48149890000013,169.48149890000013,170.61489889999984,170.61489889999984
ORN,0.0,0.0,0.0,0.0,0.0,0.0,0.0,0.0
OSMO,-1410.3102635645337,-1410.30452869671,-1410.3045286999986,-1410.2900108777394,-1410.2900108800095,-1410.2922593467956,-1410.292259349997,-1410.3026593499962
OXT,-1179.8831517265644,-1179.8831517265644,-1179.8831517265644,-1179.0848118828144,-1337.341311886441,-1337.522464230191,-1337.2285799529636,-1550.765779949259
PARCL,0.0,0.0,0.0,0.0,0.0,0.0,0.0,0.0
PARTI,,-87.96105430170428,-116.61346954031616,-17.184988577559125,150.57538431196008,-17.38629706541542,-15.885880788555369,99.61960035125958
PDA,1590.0259655100017,-2245.990834489996,-2245.990834489996,-2245.990834489996,-2245.990834489996,-2245.990834489996,-2245.990834489996,-2245.990834489996
PEAQ,1845.5884582499275,1845.5386572501156,1845.5386572501156,1845.5127662499435,1845.4890202500392,1845.4686172499787,1845.44849624997,1845.44849624997
PENDLE,170.32899069999985,161.18122252983449,167.4330049577693,167.43300495999574,167.43300495999574,167.43300495999574,167.43300495999574,167.28925953763246
PENGU,61213.21605259925,62736.132927600294,66230.86701927334,52222.59207396209,52219.72465989739,52216.173236466944,78648.54428552091,69818.19283577055
PEOPLE,-318.56301304668887,-318.5759130466613,-318.64891304657795,-318.64891304657795,-318.75591304677073,-318.75591304677073,-318.75591304677073,-318.75591304677073
PEPE,363428424.0529785,363168075.0529785,363168078.5529785,397356253.5473633,364994607.0473633,363168099.0473633,363168083.5473633,366323406.0473633
PERL,304350.1866,304350.1866,304350.1866,304350.1866,304350.1866,304350.1866,304350.1866,304350.1866
PERP,-312.14335451676743,-312.15040896012215,-312.1502191373729,-312.15021913679084,-312.15021913679084,-312.159559957101,-312.16582948795985,-312.16633729921887
PIXEL,-46.02703341000597,-46.02703341000597,-46.02703341000597,-10046.027033410006,-46.02703341000597,1039.840166590002,1039.840166590002,39.8401665900019
PLUME,-1322.3895182297565,-1328.0661290297285,-1343.6438192077912,-1358.897143747192,-1364.4442037900444,-1433.5652398546226,-1409.7287067570724,-1289.5581801880617
PNT,9660.86915172,9660.86915172,9660.86915172,9660.86915172,9660.86915172,9660.86915172,9660.86915172,9660.86915172
PNUT,-41.01978764566593,-41.57864429045003,-41.778448078548536,37.212606163695455,-41.702792272903025,-41.73660575214308,32.6692643200513,-508.98615384323057
POL,333178.89259174094,334021.93357076123,334261.6535976846,334449.9195741648,335511.35050863493,336257.2402279377,337264.13711658306,337545.55880011804
POLS,0.0,0.0,0.0,0.0,0.0,0.0,0.0,0.0
POLY,0.0,0.0,0.0,0.0,0.0,0.0,0.0,0.0
POLYX,-834.3372465699795,-834.3372465699795,-834.3372465699795,-834.3372465699795,-834.3372465699795,-834.3372465699795,-534.3372465699795,-534.3372465699795
POND,89804.28513154015,85889.28513154015,86842.66283154022,87620.13653154019,87620.13653154019,87620.13653154019,87620.13653154019,87620.13653154019
PONKE,771.6589285272639,770.0184937019949,769.2973426941317,769.2973426920944,638.6948305415572,762.4100785399787,761.1566293524811,760.5566293525044
POPCAT,4206.9052914198255,4089.99974300689,4203.860925763845,4201.055156702409,4185.84073200915,4269.623638435733,4258.550531020504,4136.7567849586485
PORTAL,-337.66146941999614,-337.66146941999614,-337.66146941999614,-337.66146941999614,-337.66146941999614,-337.66146941999614,-337.82116941999993,-337.884569419999
PORTO,0.00630964,0.00630964,0.00630964,0.00630964,0.00630964,0.00630964,0.00630964,0.00630964
POWR,135.20163374999538,311.6094169799471,311.6094169799471,311.6094169799471,311.6094169799471,211.60941697994713,280.6094169799471,280.6094169799471
PPT,-87.0,-87.0,-87.0,-87.0,-87.0,-87.0,-87.0,-87.0
PROM,116.81897081999978,116.95838681999976,116.95838681999976,116.95838681999976,116.94888681999964,116.94968681999944,116.94968681999944,116.94968681999944
PROPC,-11381.638956568902,-11384.889857794158,-11842.955975912744,-11858.990441926057,-11824.33004242531,-11834.445365650114,-11813.146766161311,-11913.694502203027
PROS,-437.9774451800331,-437.9774451800331,-437.341245180025,-437.9114451800124,-407.34584518001066,-437.9803451800253,-374.8609451800294,-374.8609451800294
PSG,46.527027610000005,46.527027610000005,46.527027610000005,46.50892760999977,46.50892760999977,46.50892760999977,46.50892760999977,46.50892760999977
PUFFER,-484.75840291613713,-347.06754067883594,-494.32179440074833,-495.26400643389206,-496.56573843746446,-499.8229065259802,-500.0429430339718,-500.7920517800376
PUNDIX,581.8778016773867,581.8778016773867,581.8778016773867,581.8778016773867,645.6058016773895,645.6058016773895,645.6058016773895,581.8504016773659
PURSE,0.0,0.0,0.0,0.0,0.0,0.0,0.0,0.0
PYR,-66.62365687996498,-66.6233018799685,-58.53720188001171,-66.62380187999224,-66.62410187997739,-66.62410187997739,-84.62410187997739,-66.62430188001599
PYTH,18858.4125984062,18858.31276320503,18858.31276320014,18858.245563199976,18858.245563199976,18858.171663200017,18608.104468766367,18531.647368770093
QI,-72580.25055031013,-72580.2505503092,-72580.25055031013,-72580.25055031013,-72580.25055031013,-72580.25055031013,-72609.25055031013,-72609.25055031013
QISWAP,0.0,0.0,0.0,0.0,0.0,0.0,0.0,0.0
QKC,8519.419843719807,8519.419843719807,8519.419843719807,9677.376143719535,9677.376143719535,9677.376143719535,9677.376143719535,9677.376143719535
QNT,-47.4307047916609,-47.15394432997164,-47.81319527060623,-47.813471156188825,-47.806771151777866,-47.325893781711784,-48.27771072136602,-47.643210721778814
QTUM,-2032.1311236605832,-2032.205323659364,-2032.2024281674385,-2032.3290832481289,-2032.4081832500087,-2032.5715407695243,-2032.7383933395904,-2032.727816709943
QUICK,-1197.1136596099825,-1197.1136596099825,-1197.1136596099825,-1197.1136596099825,-1197.0560596099822,-1197.0560596100113,-1197.0560596100113,-1197.0560596100113
RAD,15.68242955000096,15.68242955000096,15.68242955000096,15.68242955000096,15.68242955000096,15.68242955000096,15.68242955000096,15.682429550000961
RARE,3680.852736109984,3876.936236109992,3289.936236109992,3680.876993109996,3087.386393109977,3680.918956109963,3680.918956109963,3680.918956109963
RAY,396.28899394162,396.3488037677889,396.6042122161307,396.6517627300637,396.53999862860655,396.5399986249394,396.78883658882114,373.1506105888111
RDNT,675.7248639200116,675.7319799200632,675.7319799200632,675.7319799200632,675.7319799200632,675.7319799200632,675.7319799200632,675.7319799200632
REEF,34889.728207,34889.728207,34889.728207,34889.728207,34889.728207,34889.728207,34889.728207,34889.728207
REI,1076.9842095799977,1076.9842095799977,1076.9842095799977,1076.9842095799977,1076.9842095799977,1076.9842095799977,1076.9842095799977,1076.9842095799977
REN,316831.1446363994,316831.1446363994,316831.1446363994,316831.1446363994,316831.1446363994,316831.1446363994,316831.1446363994,316831.1446363994
RENDER,103.99584340618458,132.11451253201813,128.7964901265805,134.64550847106148,134.62378803867614,134.62463042110903,134.58381080586696,136.9601696904283
REP,0.0,0.0,0.0,0.0,0.0,0.0,0.0,0.0
REPV1,11.77995306,11.77995306,11.77995306,11.77995306,11.77995306,11.77995306,11.77995306,11.77995306
REQ,1178.71751440363,1179.027901763795,1179.027901763795,1179.027901763795,1051.1940017635934,1178.2093017636798,1381.185401763767,1381.185401763767
RIF,778.4448044400197,778.4448044400197,778.4448044400197,778.4448044400197,778.4448044400197,-536.3455955600366,-536.3455955600366,-536.3455955600366
RLC,-32.452685359996394,-32.452685359996394,-32.452685359996394,-48.02108536000014,-48.02108536000014,-48.02108536000014,-48.100385359997745,-48.100385359997745
RONIN,-14.100377379998465,-14.095551330194212,-14.09555132999776,-14.09555132999776,-14.09639605656048,-14.09639605656048,-14.095255007752712,-14.077045171130521
ROSE,-4315.5486480891705,-4315.643527088687,-4315.526317089796,-4315.5668630898,-4315.654263090342,-4689.066563088447,-4315.538960089907,-3724.904260089621
RPL,-9.530229417220651,-9.530229417220651,-9.52684741722078,-9.52684741722078,-9.52184741722067,-9.52184741722067,-9.52184741722067,-6.2816474172204835
RSR,3249.6483061164618,3774.657236933708,4415.919862791896,4972.237049207091,8672.122888088226,8898.114037543535,9387.464834406972,10737.07648460567
RSS3,,,-188.19187453907216,-293.55870956514264,-299.9269566135772,-299.9103208715387,-323.13114343247435,-326.38761817873456
RUNE,-1061.9277390401112,-1062.2694061869988,-1079.4675951555837,-1078.2227543416666,-1078.3380100507056,-1076.8852277147816,-1076.919311669888,-1074.2158030071296
RVN,-2388.193686279468,-2388.193686279468,-513.8994862800464,-513.8994862800464,-513.8994862800464,-513.8994862800464,-513.8994862800464,-513.8994862800464
S,-48980.77625880111,-48973.817634874955,-48973.485708336346,-48973.29154377431,-48970.10824725405,-48966.32598676812,-48966.560466412455,-48966.81628982909
SAFE,-158.09222742000202,-157.95223041999998,-159.79807062996042,-269.6646308013442,-262.8599116764526,-265.4757320876961,-334.37303808756405,-273.5242183365117
SAGA,36.481391609999264,36.481391609999264,64.45169161000013,64.3813916099989,64.32719160999841,-22.26540839000154,-22.26540839000154,-22.26540839000154
SALT,0.0,0.0,0.0,0.0,0.0,0.0,0.0,0.0
SAND,2369.177641177317,2408.64874742995,2408.736922600772,2409.8205542368814,2409.213132365141,2409.213132360019,2409.4785845084116,2412.6829506854992
SANTOS,6.7912392700000055,6.7912392700000055,6.7912392700000055,8.889195270000073,8.889195270000073,8.889195270000073,8.889195270000073,8.889195270000073
SC,640133.5411386266,657232.1229786277,657232.1229786277,657232.1229786277,657232.1229786277,657232.1229786277,657232.1229786277,657232.1229786277
SCR,3149.6075814325086,3149.702851205395,3149.652411756884,3149.6524117606314,3149.5574166428196,3149.4158303363,3149.398261370283,3149.4552498954
SCRT,1284.6104477331974,1284.145876922645,1228.6768872272223,1283.6298895466607,1077.0076686029788,1076.4093470685184,1285.0846273999196,1326.440848207567
SDEX,0.0,0.0,0.0,0.0,0.0,0.0,0.0,0.0
SEI,-3361.174863474909,-3482.900557721965,-3883.2714690496214,-3780.935725879855,-3966.7146632028744,-4307.666430775542,-4114.1223629112355,-4319.493283786345
SFP,143.92471936999937,143.92471936999937,143.92471936999937,143.92471936999937,143.92471936999937,143.92471936999937,143.92471936999937,143.92471936999937
SGB,8158.493418900501,8158.493418900501,8158.493418900501,8158.493418900501,8158.493418900501,8158.493418900501,8158.493418900501,8158.493418900501
SHIB,3040630183.0251465,3157393632.2751465,3140182349.287842,3141292347.287842,3024688117.687866,3022582542.687866,3024760901.987793,3383663077.85791
SKL,824.0107455388643,836.5505842585117,237.52833816502243,237.52833816036585,836.151767456904,836.472079959698,836.472079959698,836.472079959698
SLF,662.0703891100129,662.0703891100129,662.0703891100129,580.3948891100008,580.3948891100008,580.3406891100458,580.3406891100458,580.3406891100458
SLP,259535.5026800558,250780.03348005563,241213.9507800564,241213.9507800564,241213.9507800564,259534.74388005584,246720.74388005584,246720.74388005584
SNT,-8502.028524084715,-8502.028524084715,-8502.028524084715,-8502.028524084715,-8502.028524084715,-8502.028524084715,-8502.028524084715,-8502.028524084715
SNX,189.2456854360644,189.30632996896747,200.78162450063977,200.7586569701089,200.7463461784064,200.70456151041435,200.60522679256977,200.66827580385143
SOL,6398.088122300134,6415.559303082759,6411.321898624505,6417.0,6431.0,6431.0,6432.861205132736,6464.388112778601
SOLV,579.3066709799459,581.0860326206312,581.8404271511827,255.25499714992475,241.383811149979,240.94865052495152,237.49340114486404,237.5715261469595
SPARTA,0.0,0.0,0.0,0.0,0.0,0.0,0.0,0.0
SPELL,211442.57323360443,261308.9651335776,261308.8398335874,261309.52723358572,261309.52723358572,261309.52723358572,261309.52723358572,261309.52723358572
SPX,-7537.586734663229,-7556.049004852073,-7563.453345080139,-7570.489286873373,-7611.323687121156,-7659.271409800276,-7698.619200243615,-7668.8474208991975
SRM,-9917.40488637,-9917.40488637,-9917.40488637,-9917.40488637,-9917.40488637,-9917.40488637,-9917.40488637,-9917.40488637
SSV,5.492405289999624,5.492405289999624,5.492405289999624,5.492405289999624,5.492405290000079,5.492405290000079,5.492405290000079,5.492405290000079
STEEM,0.16958874,0.16958874,0.16958874,0.16958874,0.16958874,0.16958874,0.16958874,0.16958874000000002
STG,16968.240417740002,16968.240417740002,17018.21781774002,17018.21781774002,17018.240417740002,17018.240417740002,17018.240417739988,17018.240417740002
STMX,525137.06909529,525137.06909529,525137.06909529,525137.06909529,525137.06909529,525137.06909529,525137.06909529,525137.06909529
STORJ,-1785.106600494706,-1785.1066004942404,-1785.1066004942404,-1785.0975062559592,-1785.097506254213,-1785.097506254213,-1785.1271540813614,-1786.3943965134677
STPT,-158.9980754299322,-158.99807543004863,-159.0741754299961,-159.24247543001547,-159.16887543001212,-159.16887543001212,-159.16887543001212,-159.11757542996202
STRAX,430.1707405199995,430.1707405199995,430.1707405199995,430.1707405199995,429.9388405199861,429.9388405199861,429.9388405199861,429.9388405199861
STRK,186.6652890400001,186.6652890400001,186.6652890400001,95.06348903999606,186.6610890400043,483.6610890400043,483.6610890400043,483.6610890400043
STX,77.53936643677298,77.49736643675715,77.59226643672446,77.52776643680409,60.99376643676078,43.98006643680856,77.49656643677736,77.46256643679226
SUI,32297.93493557209,32297.16051787953,32489.162448263727,32336.426935039926,32294.029871396026,32301.20409478084,32290.817859402392,32289.942424780456
SUN,-946.373321659863,-946.373321659863,-946.373321659863,-245.13046065997332,-245.13046065997332,-946.3164606599604,-946.3164606599604,1053.6835393400397
SUNDOG,51974.6580272424,51044.07704040501,51208.97775217984,50724.9674860863,51195.86601340072,51185.501901357435,50654.09599336842,50646.46609288128
SUPER,-1352.2720673389267,-1326.2058733389713,-1353.1127733387984,-1353.1127733389148,-1353.4931733389385,-1353.4931733389385,-1331.4931733389385,-1370.81897333893
SUSD,0.0,0.0,0.0,0.0,0.0,0.0,0.0,0.0
SUSHI,-1470.024945345882,-1492.0041453470476,-1492.0395656595938,-1491.925384138478,-1491.925384137081,-1513.881860406662,-1513.9364471948938,-1513.936447199143
SWELL,112874.53377432004,112805.68017432006,111268.88537432007,112212.88537432007,112168.04487432004,112168.04487432004,112951.78827432005,112951.78827432005
SXP,15866.557323590154,15866.557323590154,15866.557323590036,15866.557323590036,15984.571725590038,15984.571725590038,15984.571725590156,15984.571725590038
SYN,-113.54367869999987,-113.54367869999987,-113.54367869999987,-113.54367869999987,-113.54367869999987,-113.54367869999987,-113.54367869999987,-113.54367869999987
SYS,-3484.509289709851,-3485.359989710152,-3485.359989710152,-3485.789289710112,-3486.874389709905,-4125.3356897099875,-3486.949789709877,-3486.949789709877
T,228.93213377997745,228.93213377997745,228.93213377997745,228.93213377997745,228.93213377997745,228.93213377997745,228.93213377997745,228.93213377997745
TAO,48.34254961000079,48.44112661000008,48.44082661000084,40.95153660999904,40.95150060999913,40.95150060999913,40.951089609998235,47.150589610000225
TEL,664791.7554593086,664421.3139164448,664018.2218796015,663948.3656715155,662919.91677773,656000.8987839222,657683.6373720169,652007.0738757849
TFUEL,10.39485996030271,10.39485996030271,10.39485996030271,-542.1832110397518,-1092.609211038798,508111.3622889612,524257.5768889617,524257.19738896005
THE,-97.23024418000205,-97.23024418000205,-97.23024418000205,-97.23024418000205,-97.23024418000205,-97.23024418000205,-97.23024418000205,-97.23024418000205
THETA,1995.4799456247129,1955.858245624695,1966.0561578145716,1955.92106694472,1943.3769669446629,1971.6593669448048,1965.8742669445928,1955.5006669447757
TIA,8665.993204373168,8772.20154111262,8814.549950471599,8812.610593827616,9009.69237454381,9092.524228985028,9302.834458060548,9555.472805329424
TKO,-38.33591819295543,-38.33591819295543,-38.33591819295543,-38.33591819295543,-38.33591819295543,-38.33591819295543,-38.33591819295543,-38.33591819295543
TLM,-4044.7396023799665,-4044.7396023799665,-4044.7396023799665,-4044.7396023799665,-4044.7396023799665,-4044.7396023799665,-4044.7396023799665,-4044.7396023799665
TNSR,199.5718526300043,76.21705263000331,76.21705263000331,76.21705263000331,199.51705263000625,-75.48294736999378,-75.48294736999378,-75.48294736999378
TOKEN,1883471.4744737,1882892.0556380672,1882749.6793965995,1882731.2745766935,1882644.7673821,1882613.4376993624,1882418.5729299337,1881877.4383004345
TOMI,-1503264.5676242113,-1507903.0273348242,-1509969.635575205,-1513034.7152620703,-1508822.4420733305,-1512882.1871197224,-1526839.656942457,-1538124.6728142202
TOMO,0.0,0.0,0.0,0.0,0.0,0.0,0.0,0.0
TON,201.8647465813192,202.46542329107615,204.231901795094,189.8359695266554,206.3513652550173,199.9453341849876,208.57077797620877,208.5627644655542
TRB,-7.536056827750144,-7.536056827750144,-7.537056827749893,-7.537056827749893,-7.537056827749893,-7.53745682775002,-7.537356827750045,-7.537356827749818
TRIBE,0.0,0.0,0.0,0.0,0.0,0.0,0.0,0.0
TROY,67634.79506669939,56040.33536670357,71039.82506670058,56038.228366702795,56039.014366701245,45544.014366701245,76858.52396669984,40192.002566702664
TRU,-1699.316538479994,-1699.316538479994,-1699.316538479994,-1699.316538479994,-1699.316538479994,-1699.316538479994,-1699.316538479994,-1699.8778384800535
TRUMP,1529.64028646535,1529.645435673825,1532.9238504419918,1529.6537986684125,1529.646307299292,1529.4370843746,1529.6435185342852,1527.822383648716
TRX,486517.7719210759,487125.35824869573,486903.0039707199,487087.9675523117,487123.92474751174,486994.836417757,487358.09190832824,485503.8312822655
TURBO,-263106.26844744384,-284417.84362244606,-283798.16099120677,-274090.07114744186,-274092.59458494186,-274096.21485994756,-274096.890828684,-267114.95932869613
TUSD,4082.10994128,4082.10994128,4082.10994128,4082.10994128,4082.10994128,4082.10994128,4082.10994128,4082.10994128
TVK,-0.635,-0.635,-0.635,-0.635,-0.635,-0.635,-0.635,-0.635
TWT,-41.197852673140005,-75.81945267313858,-75.81945267313858,-41.819452673138585,-77.71195267314033,-96.23911429422878,-96.23911429423606,-42.33051429314219
UFT,-80.6995854099805,-80.6995854099805,-80.6995854099805,-80.6995854099805,-80.6995854099805,-80.6995854099805,-80.6999854099995,-80.27138540998567
UMA,-1032.409120080003,-1032.409120080003,-1032.409120080003,-1032.409120080003,-1032.409120080003,-1032.409120080003,-1060.079920080003,-1056.2139407000031
UNFI,951.12293046,951.12293046,951.12293046,951.12293046,951.12293046,951.12293046,951.12293046,951.12293046
UNI,536.1269761676376,527.9472314410814,530.9660314457287,531.1008780433767,531.0998937323748,529.2810349651409,531.0972904188529,527.5081804930087
USD,3073.9031607318707,3073.9031607318707,3073.9031607318707,3073.9031607318707,3073.9031607318707,3073.9031607318707,3073.9031607318707,3073.9031607318707
USDC,-8093595.051766616,-7874124.705301817,-7814290.788846707,-7926996.658788307,-7926984.033108307,-7929756.683160717,-7938653.554937317,-7935007.949027737
USDP,625.04404301,625.04404301,625.04404301,625.04404301,625.04404301,625.04404301,625.04404301,625.04404301
USDT,17343077.02691188,17020097.28016396,16995774.126078185,17210694.081866954,16836111.43137583,16581896.697351707,16672263.89810252,16557021.580490598
USTC,3124.4187970400003,3124.4187970400003,3124.4187970400003,3124.4187970400003,3124.4187970400003,3124.4187970400003,3124.0096244700003,3124.0096244700003
USUAL,-1452.0953847818892,-1452.1951906394097,-1452.2404298978508,-1452.2486299000448,-1452.2511201344314,-1452.2511201300658,-1537.0300201300415,-1537.0836334112682
UTK,4999.995342483977,5543.945442483993,5543.945442483993,5543.945442483993,4490.217742484063,5484.217742484063,5484.217742484063,4729.565942483954
UXLINK,1460.428554947328,1460.3869003747968,1393.976092657118,1393.981568429066,1393.87728583625,1393.87728583625,1393.8772858400043,1393.8772858400043
VAI,-1968.55951554,-1968.55951554,-1968.55951554,-1968.55951554,-1968.55951554,-1968.55951554,-1968.55951554,-1968.55951554
VANRY,-3003.4673947915435,-4229.251894790679,-3004.624994792044,-3006.801294790581,-4149.818594790995,-3007.6482947915792,-3006.714784791693,-3007.7048847917467
VELO,151217.2974217236,151168.3192987591,151168.3192987591,150380.04687830247,149094.44938067533,151158.24680205248,151137.99324736372,151032.07327164523
VET,-185473.87409752607,-186025.88154518604,-192700.57125079632,-192667.6986548901,-192159.50507968664,-192602.91500920057,-192548.3001524806,-192864.40347254276
VGX,0.03412552,0.03412552,0.03412552,0.03412552,0.03412552,0.03412552,0.03412552,0.03412552
VIB,-2650.310966710036,-2650.310966710036,-2650.310966710036,-2650.310966710036,-2650.310966710036,-3454.310966710036,-3454.310966710036,-4048.768666710006
VIC,909.9434648800088,1007.099664879992,849.7815648799879,849.7815648799879,849.7815648799879,849.7815648799879,1007.1040648799972,1007.1040648799972
VIRTUAL,-388.43611588096246,-110.80995327740676,-405.71790512645384,-416.1095388021786,-404.5826134061208,-478.82311970810406,-448.9096533174161,-442.50279113004217
VITE,0.04758204,0.04758204,0.04758204,0.04758204,0.04758204,0.04758204,0.04758204,0.04758204
VOXEL,231.63339783099943,231.63339783099943,231.63339783099943,63.37329782100278,63.31619782099733,63.31619782099733,63.31619782099733,63.31619782099733
VRA,11850876.668723583,11981833.895221593,11764767.61712575,11736587.67102027,11782982.566710472,11325716.255926132,11249638.151240826,11197010.948814988
VRT,0.0,0.0,0.0,0.0,0.0,0.0,0.0,0.0
VTHO,5629680.651023269,5757954.859438568,5871014.222679317,5995633.296351224,6112775.728039324,6234252.892936617,6413682.560531408,6533502.558325231
W,332.21670979983173,301.59924995328765,46.41495004831813,-222.64859340467956,163.7123159673065,-78.5559237760026,-232.52017807692755,-146.63526413752697
WAN,1480.3803448699182,1480.3803448699182,1472.516072869999,1472.516072869999,1472.516072869999,1472.516072869999,1734.516072869999,1470.5712728699436
WAVES,-88.63372005865676,-90.85564708488528,-91.50338419311448,-91.4922824347741,-99.39315870363498,-81.95315381331602,-83.54599656607024,-84.21242252539378
WAXP,0.77990129,0.77990129,0.77990129,0.77990129,0.77990129,0.77990129,0.77990129,0.77990129
WIF,9719.552592611872,9733.032742421145,9733.0143341918,9732.988864023935,9686.725476166,9732.965099930298,9732.954623744356,9732.934242101852
WIN,10826017.97188902,10826017.97188902,10884700.033689022,10884700.033689022,10826018.131689072,10632049.26008892,10826017.405488968,10625816.6022892
WING,-6.9829975299999205,-2.32779753000068,7.073302470000272,7.07863247000023,7.07863247000023,7.07863247000023,7.086992470000041,7.086992470000041
WLD,79.91414818257908,79.87006782722892,79.73671974046738,79.76917213355773,79.77461494263844,79.77492317114957,79.95129340924905,79.8368296046392
WOO,-509.6956128082238,-509.9314342932776,-510.0134533322416,-510.0086681731045,-509.92352481000125,-510.0377117237076,-510.0075662150048,-510.2508812556043
WRX,100.0,100.0,100.0,100.0,100.0,100.0,100.0,100.0
WXT,0.0,0.0,0.0,0.0,0.0,0.0,0.0,0.0
XAI,-867.8516772480216,-867.9020556678297,-714.917260747985,-714.8006836015265,-714.9884521561908,-868.0649521546438,-868.0846093764994,-868.0429070362588
XCAD,-12589.8467703294,-12592.577106785728,-12597.85977977817,-12598.71100203786,-12599.96078580548,-12602.23793036351,-12609.22230733256,-12627.33221342531
XDC,47677.54077677056,47318.30820281803,47169.30126101896,46926.03556435183,159544.79351492226,47088.10202648863,47307.26467129588,47322.60078845918
XEC,13418296.778838158,13418296.778838158,13897493.335538387,13392427.479438305,13392427.479438305,13452033.700538158,12658399.748238564,12837390.985538483
XEM,9845.20571,9845.20571,9845.20571,9845.20571,9845.20571,9845.20571,9845.20571,9845.20571
XLM,192524.880991254,192011.54645829648,190810.06230711564,190816.27160733935,190603.0427354686,190617.99486295137,190629.60837272185,230932.51221322268
XMR,0.0,0.0,0.0,0.0,0.0,0.0,0.0,0.0
XNO,276.4219545900123,471.9623045900371,471.9623045900371,471.9623045900371,471.96140459005255,471.95430458988994,516.5243045899551,516.5243045899551
XPR,14505.259999999997,14505.259999999997,14505.259999999997,14505.259999999997,14505.259999999997,14505.259999999997,14505.259999999997,14505.259999999995
XRP,102255.7023909092,102790.37186854333,102203.9453501776,101732.65520205347,100600.15499026328,101661.17484603822,101468.31500375272,106377.0
XTER,-566.1915756347989,-566.0993820353833,-566.0896621913635,-566.0896621899956,-566.1877576489787,-566.1877576536244,-566.131657186128,-566.1316571899952
XTZ,4178.370372337988,4188.587225340016,4328.032414737681,4362.957549388404,4347.290720410529,4297.198734325997,4337.628464163921,4324.020797704929
XVG,10.5325,10.5325,10.5325,10.5325,10.5325,10.5325,10.5325,10.5325
XVS,30.49286783167554,30.499767831674035,30.846312831674368,30.846312831674368,30.846312831674368,30.846312831674368,31.133165831675797,31.133165831675797
XYM,4.6e-05,4.6e-05,4.6e-05,4.6e-05,4.6e-05,4.6e-05,4.6e-05,4.6e-05
YFI,0.3780298668279158,0.3780357856160208,0.3780571018504872,0.378066454183056,0.3780664553278257,0.3780283844180587,0.3780006010570957,0.37800193444073216
YFII,-27.088429679999997,-27.088429679999997,-27.088429679999997,-27.088429679999997,-27.088429679999997,-27.088429679999997,-27.088429679999997,-27.088429679999997
YGG,11.425655710016144,-209.51993828997365,-209.51993828997365,-209.51993828997365,-209.51993828997365,-209.51993828997365,-209.3490922900091,-209.34909229000914
ZBCN,0.0,0.0,0.0,0.0,0.0,0.0,0.0,0.0
ZEC,26.07977759999943,26.07977759999943,26.07977759999943,26.07977759999943,26.07977759999943,26.07977759999943,26.07977759999943,26.07977759999943
ZEN,18.91785189999996,18.91785189999996,18.911751900000127,18.911751900000127,18.906251899999916,18.906251899999916,18.906251899999916,18.906251899999916
ZETA,-728.0,-727.7664999999979,-738.1821540000019,-797.8265539999993,-799.0538180000003,-333.6813899999979,-732.7096899999997,-732.7096899999997
ZIG,-754657.0303403949,0.0,0.0,0.0,0.0,0.0,0.0,0.0
ZIL,1097208.8563524785,1101423.4530367889,1094541.3030769415,1093616.408576943,1094541.238176942,1094840.8381769396,1094840.8381769396,1093526.0720447004
ZK,258.63261487003183,258.63261487003183,258.63261487003183,258.63261487003183,258.50461487000575,258.50461487000575,258.50461487000575,64.93621487001656
ZRO,2.920674169999984,2.920674169999984,-2.1717629330278214,-2.268026310219284,6.046919066391638,6.048335765591219,-2.3052036644476175,-2.3119121871477546
ZRX,-68.92137596651446,-69.9895759683568,-70.76275407033972,-70.56331227277406,-70.56331226963084,-70.56331226963084,-70.00740406650584,-70.00740406964906
